アル.png	/attach2/E382A2E383AB_E382A2E383AB2E706E67.png
エイミ.png	/attach2/E382A8E382A4E3839F_E382A8E382A4E3839F2E706E67.png
ハルナ.png	/attach2/E3838FE383ABE3838A_E3838FE383ABE3838A2E706E67.png
ヒフミ.png	/attach2/E38392E38395E3839F_E38392E38395E3839F2E706E67.png
ヒナ.png	/attach2/E38392E3838A_E38392E3838A2E706E67.png
ホシノ.png	/attach2/E3839BE382B7E3838E_E3839BE382B7E3838E2E706E67.png
イオリ.png	/attach2/E382A4E382AAE383AA_E382A4E382AAE383AA2E706E67.png
マキ.png	/attach2/E3839EE382AD_E3839EE382AD2E706E67.png
ネル.png	/attach2/E3838DE383AB_E3838DE383AB2E706E67.png
イズミ.png	/attach2/E382A4E382BAE3839F_E382A4E382BAE3839F2E706E67.png
シロコ.png	/attach2/E382B7E383ADE382B3_E382B7E383ADE382B32E706E67.png
シュン.png	/attach2/E382B7E383A5E383B3_E382B7E383A5E383B32E706E67.png
スミレ.png	/attach2/E382B9E3839FE383AC_E382B9E3839FE383AC2E706E67.png
ツルギ.png	/attach2/E38384E383ABE382AE_E38384E383ABE382AE2E706E67.png
アカネ.png	/attach2/E382A2E382ABE3838D_E382A2E382ABE3838D2E706E67.png
チセ.png	/attach2/E38381E382BB_E38381E382BB2E706E67.png
アカリ.png	/attach2/E382A2E382ABE383AA_E382A2E382ABE383AA2E706E67.png
ハスミ.png	/attach2/E3838FE382B9E3839F_E3838FE382B9E3839F2E706E67.png
ノノミ.png	/attach2/E3838EE3838EE3839F_E3838EE3838EE3839F2E706E67.png
カヨコ.png	/attach2/E382ABE383A8E382B3_E382ABE383A8E382B32E706E67.png
ムツキ.png	/attach2/E383A0E38384E382AD_E383A0E38384E382AD2E706E67.png
ジュンコ.png	/attach2/E382B8E383A5E383B3E382B3_E382B8E383A5E383B3E382B32E706E67.png
セリカ.png	/attach2/E382BBE383AAE382AB_E382BBE383AAE382AB2E706E67.png
ツバキ.png	/attach2/E38384E38390E382AD_E38384E38390E382AD2E706E67.png
ユウカ.png	/attach2/E383A6E382A6E382AB_E383A6E382A6E382AB2E706E67.png
ハルカ.png	/attach2/E3838FE383ABE382AB_E3838FE383ABE382AB2E706E67.png
アスナ.png	/attach2/E382A2E382B9E3838A_E382A2E382B9E3838A2E706E67.png
コトリ.png	/attach2/E382B3E38388E383AA_E382B3E38388E383AA2E706E67.png
スズミ.png	/attach2/E382B9E382BAE3839F_E382B9E382BAE3839F2E706E67.png
フィーナ.png	/attach2/E38395E382A3E383BCE3838A_E38395E382A3E383BCE3838A2E706E67.png
ヒビキ.png	/attach2/E38392E38393E382AD_E38392E38393E382AD2E706E67.png
カリン.png	/attach2/E382ABE383AAE383B3_E382ABE383AAE383B32E706E67.png
サヤ.png	/attach2/E382B5E383A4_E382B5E383A42E706E67.png
アイリ.png	/attach2/E382A2E382A4E383AA_E382A2E382A4E383AA2E706E67.png
フウカ.png	/attach2/E38395E382A6E382AB_E38395E382A6E382AB2E706E67.png
ハナエ.png	/attach2/E3838FE3838AE382A8_E3838FE3838AE382A82E706E67.png
ハレ.png	/attach2/E3838FE383AC_E3838FE383AC2E706E67.png
ウタハ.png	/attach2/E382A6E382BFE3838F_E382A6E382BFE3838F2E706E67.png
アヤネ.png	/attach2/E382A2E383A4E3838D_E382A2E383A4E3838D2E706E67.png
チナツ.png	/attach2/E38381E3838AE38384_E38381E3838AE383842E706E67.png
コタマ.png	/attach2/E382B3E382BFE3839E_E382B3E382BFE3839E2E706E67.png
ジュリ.png	/attach2/E382B8E383A5E383AA_E382B8E383A5E383AA2E706E67.png
セリナ.png	/attach2/E382BBE383AAE3838A_E382BBE383AAE3838A2E706E67.png
シミコ.png	/attach2/E382B7E3839FE382B3_E382B7E3839FE382B32E706E67.png
ヨシミ.png	/attach2/E383A8E382B7E3839F_E383A8E382B7E3839F2E706E67.png
マシロ.png	/attach2/E3839EE382B7E383AD_E3839EE382B7E383AD2E706E67.png
イズナ.png	/attach2/E382A4E382BAE3838A_E382A4E382BAE3838A2E706E67.png
シズコ.png	/attach2/E382B7E382BAE382B3_E382B7E382BAE382B32E706E67.png
アリス.png	/attach2/E382A2E383AAE382B9_E382A2E383AAE382B92E706E67.png
ミドリ.png	/attach2/E3839FE38389E383AA_E3839FE38389E383AA2E706E67.png
モモイ.png	/attach2/E383A2E383A2E382A4_E383A2E383A2E382A42E706E67.png
チェリノ.png	/attach2/E38381E382A7E383AAE3838E_E38381E382A7E383AAE3838E2E706E67.png
ノドカ.png	/attach2/E3838EE38389E382AB_E3838EE38389E382AB5FE7AB8BE381A1E7B5B5302E706E67.png
ユズ.png	/attach2/E383A6E382BA_E383A6E382BA5FE7AB8BE381A1E7B5B5302E706E67.png
アズサ.png	/attach2/E382A2E382BAE382B5_E382A2E382BAE382B52E706E67.png
ハナコ.png	/attach2/E3838FE3838AE382B3_E3838FE3838AE382B32E706E67.png
コハル.png	/attach2/E382B3E3838FE383AB_E382B3E3838FE383AB2E706E67.png
アズサ（水着）.png	/attach2/E382A2E382BAE382B5EFBC88E6B0B4E79D80EFBC89_E382A2E382BAE382B5EFBC88E6B0B4E79D80EFBC892E706E67.png
マシロ（水着）.png	/attach2/E3839EE382B7E383ADEFBC88E6B0B4E79D80EFBC89_E3839EE382B7E383ADEFBC88E6B0B4E79D80EFBC892E706E67.png
ツルギ（水着）.png	/attach2/E38384E383ABE382AEEFBC88E6B0B4E79D80EFBC89_E38384E383ABE382AEEFBC88E6B0B4E79D80EFBC892E706E67.png
ヒフミ（水着）.jpg	/attach2/E38392E38395E3839FEFBC88E6B0B4E79D80EFBC89_E38392E38395E3839FEFBC88E6B0B4E79D80EFBC895FE383A1E383A2E383AAE382A2E383ABE383ADE38393E383BC2E6A7067.jpg
ヒナ（水着）.png	/attach2/E38392E3838AEFBC88E6B0B4E79D80EFBC89_E38392E3838AEFBC88E6B0B4E79D80EFBC892E706E67.png
イオリ（水着）.png	/attach2/E382A4E382AAE383AAEFBC88E6B0B4E79D80EFBC89_E382A4E382AAE383AAEFBC88E6B0B4E79D80EFBC892E706E67.png
イズミ（水着）.png	/attach2/E382A4E382BAE3839FEFBC88E6B0B4E79D80EFBC89_E382A4E382BAE3839FEFBC88E6B0B4E79D80EFBC892E706E67.png
シロコ（ライディング）.png	/attach2/E382B7E383ADE382B3EFBC88E383A9E382A4E38387E382A3E383B3E382B0EFBC89_E382B7E383ADE382B3EFBC88E383A9E382A4E38387E382A3E383B3E382B0EFBC892E706E67.png
シュン（幼女）.png	/attach2/E382B7E383A5E383B3EFBC88E5B9BCE5A5B3EFBC89_E382B7E383A5E383B3EFBC88E5B9BCE5A5B3EFBC892E706E67.png
キリノ.png	/attach2/E382ADE383AAE3838E_E382ADE383AAE3838E2E706E67.png
サヤ（私服）.png	/attach2/E382B5E383A4EFBC88E7A781E69C8DEFBC89_E382B5E383A4EFBC88E7A781E69C8DEFBC892E706E67.png
ネル（バニーガール）.png	/attach2/E3838DE383ABEFBC88E38390E3838BE383BCE382ACE383BCE383ABEFBC89_E3838DE383ABEFBC88E38390E3838BE383BCE382ACE383BCE383ABEFBC892E706E67.png
カリン（バニーガール）.png	/attach2/E382ABE383AAE383B3EFBC88E38390E3838BE383BCE382ACE383BCE383ABEFBC89_E382ABE383AAE383B3EFBC88E38390E3838BE383BCE382ACE383BCE383ABEFBC892E706E67.png
アスナ（バニーガール）.png	/attach2/E382A2E382B9E3838AEFBC88E38390E3838BE383BCE382ACE383BCE383ABEFBC89_E382A2E382B9E3838AEFBC88E38390E3838BE383BCE382ACE383BCE383ABEFBC892E706E67.png
ナツ.png	/attach2/E3838AE38384_E3838AE383842E706E67.png
マリー.png	/attach2/E3839EE383AAE383BC_E3839EE383AAE383BC2E706E67.png
初音ミク.png	/attach2/E5889DE99FB3E3839FE382AF_E5889DE99FB3E3839FE382AF2E706E67.png
アコ.png	/attach2/E382A2E382B3_E382A2E382B35FE7AB8BE381A1E7B5B5302E706E67.png
チェリノ（温泉）.png	/attach2/E38381E382A7E383AAE3838EEFBC88E6B8A9E6B389EFBC89_E38381E382A7E383AAE3838EEFBC88E6B8A9E6B389EFBC892E706E67.png
チナツ（温泉）.png	/attach2/E38381E3838AE38384EFBC88E6B8A9E6B389EFBC89_E38381E3838AE38384EFBC88E6B8A9E6B389EFBC892E706E67.png
トモエ.png	/attach2/E38388E383A2E382A8_E38388E383A2E382A82E706E67.png
ノドカ（温泉）.png	/attach2/E3838EE38389E382ABEFBC88E6B8A9E6B389EFBC89_E3838EE38389E382ABEFBC88E6B8A9E6B389EFBC892E706E67.png
アル（正月）.png	/attach2/E382A2E383ABEFBC88E6ADA3E69C88EFBC89_E382A2E383ABEFBC88E6ADA3E69C88EFBC892E706E67.png
ムツキ（正月）.png	/attach2/E383A0E38384E382ADEFBC88E6ADA3E69C88EFBC89_E383A0E38384E382ADEFBC88E6ADA3E69C88EFBC892E706E67.png
セリカ（正月）.png	/attach2/E382BBE383AAE382ABEFBC88E6ADA3E69C88EFBC89_E382BBE383AAE382ABEFBC88E6ADA3E69C88EFBC892E706E67.png
ワカモ.png	/attach2/E383AFE382ABE383A2_E383AFE382ABE383A25F322E706E67.png
フブキ.png	/attach2/E38395E38396E382AD_E38395E38396E382AD2E706E67.png
セナ.png	/attach2/E382BBE3838A_E382BBE3838A2E706E67.png
チヒロ.png	/attach2/E38381E38392E383AD_E38381E38392E383AD2E706E67.png
ミモリ.jpg	/attach2/E3839FE383A2E383AA_E3839FE383A2E383AA5FE383A1E383A2E383AAE382A2E383ABE383ADE38393E383BC2E6A7067.jpg
ウイ.png	/attach2/E382A6E382A4_E382A6E382A42E706E67.png
ヒナタ.png	/attach2/E38392E3838AE382BF_E38392E3838AE382BF2E706E67.png
マリナ.png	/attach2/E3839EE383AAE3838A_E3839EE383AAE3838A2E706E67.png
ミヤコ.png	/attach2/E3839FE383A4E382B3_E3839FE383A4E382B32E706E67.png
サキ.png	/attach2/E382B5E382AD_E382B5E382AD2E706E67.png
ミユ.png	/attach2/E3839FE383A6_E3839FE383A62E706E67.png
カエデ.jpg	/attach2/E382ABE382A8E38387_E382ABE382A8E383875FE383A1E383A2E383AAE382A2E383ABE383ADE38393E383BC2E6A7067.jpg
イロハ.png	/attach2/E382A4E383ADE3838F_E382A4E383ADE3838F2E706E67.png
ミチル.png	/attach2/E3839FE38381E383AB_E3839FE38381E383AB2E706E67.png
ツクヨ.png	/attach2/E38384E382AFE383A8_E38384E382AFE383A82E706E67.png
ミサキ.png	/attach2/E3839FE382B5E382AD_E3839FE382B5E382AD2E706E67.png
ヒヨリ.png	/attach2/E38392E383A8E383AA_E38392E383A8E383AA2E706E67.png
アツコ.png	/attach2/E382A2E38384E382B3_E382A2E38384E382B32E706E67.png
ワカモ（水着）.png	/attach2/E383AFE382ABE383A2EFBC88E6B0B4E79D80EFBC89_E383AFE382ABE383A2EFBC88E6B0B4E79D80EFBC892E706E67.png
ノノミ（水着）.png	/attach2/E3838EE3838EE3839FEFBC88E6B0B4E79D80EFBC89_E3838EE3838EE3839FEFBC88E6B0B4E79D80EFBC892E706E67.png
アヤネ（水着）.png	/attach2/E382A2E383A4E3838DEFBC88E6B0B4E79D80EFBC89_E382A2E383A4E3838DEFBC88E6B0B4E79D80EFBC892E706E67.png
ホシノ（水着）.png	/attach2/E3839BE382B7E3838EEFBC88E6B0B4E79D80EFBC89_E3839BE382B7E3838EEFBC88E6B0B4E79D80EFBC892E706E67.png
シズコ（水着）.png	/attach2/E382B7E382BAE382B3EFBC88E6B0B4E79D80EFBC89_E382B7E382BAE382B3EFBC88E6B0B4E79D80EFBC892E706E67.png
イズナ（水着）.png	/attach2/E382A4E382BAE3838AEFBC88E6B0B4E79D80EFBC89_E382A4E382BAE3838AEFBC88E6B0B4E79D80EFBC892E706E67.png
チセ（水着）.png	/attach2/E38381E382BBEFBC88E6B0B4E79D80EFBC89_E38381E382BBEFBC88E6B0B4E79D80EFBC892E706E67.png
サオリ.png	/attach2/E382B5E382AAE383AA_E382B5E382AAE383AA2E706E67.png
モエ.png	/attach2/E383A2E382A8_E383A2E382A82E706E67.png
カズサ.png	/attach2/E382ABE382BAE382B5_E382ABE382BAE382B52E706E67.png
ココナ.png	/attach2/E382B3E382B3E3838A_E382B3E382B3E3838A2E706E67.png
ウタハ（応援団）.png	/attach2/E382A6E382BFE3838FEFBC88E5BF9CE68FB4E59BA3EFBC89_E382A6E382BFE3838FEFBC88E5BF9CE68FB4E59BA3EFBC892E706E67.png
ノア.png	/attach2/E3838EE382A2_E3838EE382A22E706E67.png
ヒビキ（応援団）.png	/attach2/E38392E38393E382ADEFBC88E5BF9CE68FB4E59BA3EFBC89_E38392E38393E382ADEFBC88E5BF9CE68FB4E59BA3EFBC892E706E67.png
アカネ（バニーガール）.png	/attach2/E382A2E382ABE3838DEFBC88E38390E3838BE383BCE382ACE383BCE383ABEFBC89_E382A2E382ABE3838DEFBC88E38390E3838BE383BCE382ACE383BCE383ABEFBC895FE59CA7E7B8AE2E706E67.png
ユウカ（体操服）.png	/attach2/E383A6E382A6E382ABEFBC88E4BD93E6938DE69C8DEFBC89_E383A6E382A6E382ABEFBC88E4BD93E6938DE69C8DEFBC892E706E67.png
マリー（体操服）.png	/attach2/E3839EE383AAE383BCEFBC88E4BD93E6938DE69C8DEFBC89_E3839EE383AAE383BCEFBC88E4BD93E6938DE69C8DEFBC892E706E67.png
ハスミ（体操服）.png	/attach2/E3838FE382B9E3839FEFBC88E4BD93E6938DE69C8DEFBC89_E3838FE382B9E3839FEFBC88E4BD93E6938DE69C8DEFBC892E706E67.png
ヒマリ.png	/attach2/E38392E3839EE383AA_E38392E3839EE383AA2E706E67.png
シグレ.png	/attach2/E382B7E382B0E383AC_E382B7E382B0E383AC2E706E67.png
セリナ（クリスマス）.png	/attach2/E382BBE383AAE3838AEFBC88E382AFE383AAE382B9E3839EE382B9EFBC89_E382BBE383AAE3838AEFBC88E382AFE383AAE382B9E3839EE382B9EFBC892E706E67.png
ハナエ（クリスマス）.png	/attach2/E3838FE3838AE382A8EFBC88E382AFE383AAE382B9E3839EE382B9EFBC89_E3838FE3838AE382A8EFBC88E382AFE383AAE382B9E3839EE382B9EFBC892E706E67.png
ハルナ（正月）.png	/attach2/E3838FE383ABE3838AEFBC88E6ADA3E69C88EFBC89_E3838FE383ABE3838AEFBC88E6ADA3E69C88EFBC892E706E67.png
フウカ（正月）.png	/attach2/E38395E382A6E382ABEFBC88E6ADA3E69C88EFBC89_E38395E382A6E382ABEFBC88E6ADA3E69C88EFBC892E706E67.png
ジュンコ（正月）.png	/attach2/E382B8E383A5E383B3E382B3EFBC88E6ADA3E69C88EFBC89_E382B8E383A5E383B3E382B3EFBC88E6ADA3E69C88EFBC892E706E67.png
ミネ.png	/attach2/E3839FE3838D_E3839FE3838D2E706E67.png
ミカ.png	/attach2/E3839FE382AB_E3839FE382AB5FE7AB8BE381A1E7B5B5312E706E67.png
メグ.png	/attach2/E383A1E382B0_E383A1E382B02E706E67.png
カンナ.png	/attach2/E382ABE383B3E3838A_E382ABE383B3E3838A2E706E67.png
サクラコ.png	/attach2/E382B5E382AFE383A9E382B3_E382B5E382AFE383A9E382B32E706E67.png
トキ.png	/attach2/E38388E382AD_E38388E382AD2E706E67.png
ナギサ.png	/attach2/E3838AE382AEE382B5_E3838AE382AEE382B52E706E67.png
コユキ.png	/attach2/E382B3E383A6E382AD_E382B3E383A6E382AD2E706E67.png
カヨコ（正月）.png	/attach2/E382ABE383A8E382B3EFBC88E6ADA3E69C88EFBC89_E382ABE383A8E382B3EFBC88E6ADA3E69C88EFBC895FE59CA7E7B8AE2E706E67.png
ハルカ（正月）.png	/attach2/E3838FE383ABE382ABEFBC88E6ADA3E69C88EFBC89_E3838FE383ABE382ABEFBC88E6ADA3E69C88EFBC895FE59CA7E7B8AE2E706E67.png
カホ.png	/attach2/E382ABE3839B_E382ABE3839B2E706E67.png
アリス（メイド）.png	/attach2/E382A2E383AAE382B9EFBC88E383A1E382A4E38389EFBC89_E382A2E383AAE382B9EFBC88E383A1E382A4E38389EFBC892E706E67.png
トキ（バニーガール）.png	/attach2/E38388E382ADEFBC88E38390E3838BE383BCE382ACE383BCE383ABEFBC89_E38388E382ADEFBC88E38390E3838BE383BCE382ACE383BCE383ABEFBC892E706E67.png
ユズ（メイド）.png	/attach2/E383A6E382BAEFBC88E383A1E382A4E38389EFBC89_E383A6E382BAEFBC88E383A1E382A4E38389EFBC892E706E67.png
レイサ.png	/attach2/E383ACE382A4E382B5_E383ACE382A4E382B52E706E67.png
ルミ.png	/attach2/E383ABE3839F_E383ABE3839F2E706E67.png
ミナ.png	/attach2/E3839FE3838A_E3839FE3838A2E706E67.png
ミノリ.png	/attach2/E3839FE3838EE383AA_E3839FE3838EE383AA2E706E67.png
ミヤコ（水着）.png	/attach2/E3839FE383A4E382B3EFBC88E6B0B4E79D80EFBC89_E3839FE383A4E382B3EFBC88E6B0B4E79D80EFBC892E706E67.png
サキ（水着）.png	/attach2/E382B5E382ADEFBC88E6B0B4E79D80EFBC89_E382B5E382ADEFBC88E6B0B4E79D80EFBC892E706E67.png
ミユ（水着）.png	/attach2/E3839FE383A6EFBC88E6B0B4E79D80EFBC89_E3839FE383A6EFBC88E6B0B4E79D80EFBC892E706E67.png
シロコ（水着）.png	/attach2/E382B7E383ADE382B3EFBC88E6B0B4E79D80EFBC89_E382B7E383ADE382B3EFBC88E6B0B4E79D80EFBC892E706E67.png
ウイ（水着）.png	/attach2/E382A6E382A4EFBC88E6B0B4E79D80EFBC89_E382A6E382A4EFBC88E6B0B4E79D80EFBC892E706E67.png
ヒナタ（水着）.png	/attach2/E38392E3838AE382BFEFBC88E6B0B4E79D80EFBC89_E38392E3838AE382BFEFBC88E6B0B4E79D80EFBC892E706E67.png
コハル（水着）.png	/attach2/E382B3E3838FE383ABEFBC88E6B0B4E79D80EFBC89_E382B3E3838FE383ABEFBC88E6B0B4E79D80EFBC892E706E67.png
ハナコ（水着）.png	/attach2/E3838FE3838AE382B3EFBC88E6B0B4E79D80EFBC89_E3838FE3838AE382B3EFBC88E6B0B4E79D80EFBC892E706E67.png
ミモリ（水着）.png	/attach2/E3839FE383A2E383AAEFBC88E6B0B4E79D80EFBC89_E3839FE383A2E383AAEFBC88E6B0B4E79D80EFBC892E706E67.png
メル.png	/attach2/E383A1E383AB_E383A1E383AB2E706E67.png
モミジ.png	/attach2/E383A2E3839FE382B8_E383A2E3839FE382B82E706E67.png
コトリ（応援団）.png	/attach2/E382B3E38388E383AAEFBC88E5BF9CE68FB4E59BA3EFBC89_E382B3E38388E383AAEFBC88E5BF9CE68FB4E59BA3EFBC892E706E67.png
ハルナ（体操服）.png	/attach2/E3838FE383ABE3838AEFBC88E4BD93E6938DE69C8DEFBC89_E3838FE383ABE3838AEFBC88E4BD93E6938DE69C8DEFBC892E706E67.png
イチカ.png	/attach2/E382A4E38381E382AB_E382A4E38381E382AB2E706E67.png
カスミ.png	/attach2/E382ABE382B9E3839F_E382ABE382B9E3839F2E706E67.png
シグレ（温泉）.png	/attach2/E382B7E382B0E383ACEFBC88E6B8A9E6B389EFBC89_E382B7E382B0E383ACEFBC88E6B8A9E6B389EFBC892E706E67.png
御坂美琴.png	/attach2/E5BEA1E59D82E7BE8EE790B4_E5BEA1E59D82E7BE8EE790B42E706E67.png
食蜂操祈.png	/attach2/E9A39FE89C82E6938DE7A588_E9A39FE89C82E6938DE7A5882E706E67.png
佐天涙子.png	/attach2/E4BD90E5A4A9E6B699E5AD90_E4BD90E5A4A9E6B699E5AD902E706E67.png
ユカリ.png	/attach2/E383A6E382ABE383AA_E383A6E382ABE383AA2E706E67.png
レンゲ.png	/attach2/E383ACE383B3E382B2_E383ACE383B3E382B22E706E67.png
キキョウ.png	/attach2/E382ADE382ADE383A7E382A6_E382ADE382ADE383A7E382A62E706E67.png
エイミ（水着）.png	/attach2/E382A8E382A4E3839FEFBC88E6B0B4E79D80EFBC89_E382A8E382A4E3839FEFBC88E6B0B4E79D80EFBC892E706E67.png
コタマ（キャンプ）.png	/attach2/E382B3E382BFE3839EEFBC88E382ADE383A3E383B3E38397EFBC89_E382B3E382BFE3839EEFBC88E382ADE383A3E383B3E38397EFBC892E706E67.png
ハレ（キャンプ）.png	/attach2/E3838FE383ACEFBC88E382ADE383A3E383B3E38397EFBC89_E3838FE383ACEFBC88E382ADE383A3E383B3E38397EFBC892E706E67.png
アコ（ドレス）.png	/attach2/E382A2E382B3EFBC88E38389E383ACE382B9EFBC89_E382A2E382B3EFBC88E38389E383ACE382B9EFBC892E706E67.png
イブキ.png	/attach2/E382A4E38396E382AD_E382A4E38396E382AD2E706E67.png
マコト.png	/attach2/E3839EE382B3E38388_E3839EE382B3E383882E706E67.png
ヒナ（ドレス）.png	/attach2/E38392E3838AEFBC88E38389E383ACE382B9EFBC89_E38392E3838AEFBC88E38389E383ACE382B9EFBC892E706E67.png
カヨコ（ドレス）.png	/attach2/E382ABE383A8E382B3EFBC88E38389E383ACE382B9EFBC89_E382ABE383A8E382B3EFBC88E38389E383ACE382B9EFBC892E706E67.png
アル（ドレス）.png	/attach2/E382A2E383ABEFBC88E38389E383ACE382B9EFBC89_E382A2E383ABEFBC88E38389E383ACE382B9EFBC892E706E67.png
アカリ（正月）.png	/attach2/E382A2E382ABE383AAEFBC88E6ADA3E69C88EFBC89_E382A2E382ABE383AAEFBC88E6ADA3E69C88EFBC892E706E67.png
ウミカ.png	/attach2/E382A6E3839FE382AB_E382A6E3839FE382AB2E706E67.png
ツバキ（ガイド）.png	/attach2/E38384E38390E382ADEFBC88E382ACE382A4E38389EFBC89_E38384E38390E382ADEFBC88E382ACE382A4E38389EFBC892E706E67.png
カズサ（バンド）.png	/attach2/E382ABE382BAE382B5EFBC88E38390E383B3E38389EFBC89_E382ABE382BAE382B5EFBC88E38390E383B3E38389EFBC892E706E67.png
ヨシミ（バンド）.png	/attach2/E383A8E382B7E3839FEFBC88E38390E383B3E38389EFBC89_E383A8E382B7E3839FEFBC88E38390E383B3E38389EFBC892E706E67.png
アイリ（バンド）.png	/attach2/E382A2E382A4E383AAEFBC88E38390E383B3E38389EFBC89_E382A2E382A4E383AAEFBC88E38390E383B3E38389EFBC892E706E67.png
キララ.png	/attach2/E382ADE383A9E383A9_E382ADE383A9E383A92E706E67.png
モモイ（メイド）.png	/attach2/E383A2E383A2E382A4EFBC88E383A1E382A4E38389EFBC89_E383A2E383A2E382A4EFBC88E383A1E382A4E38389EFBC892E706E67.png
ミドリ（メイド）.png	/attach2/E3839FE38389E383AAEFBC88E383A1E382A4E38389EFBC89_E3839FE38389E383AAEFBC88E383A1E382A4E38389EFBC892E706E67.png
セリカ（水着）.png	/attach2/E382BBE383AAE382ABEFBC88E6B0B4E79D80EFBC89_E382BBE383AAE382ABEFBC88E6B0B4E79D80EFBC895FE59CA7E7B8AE2E706E67.png
カンナ（水着）.png	/attach2/E382ABE383B3E3838AEFBC88E6B0B4E79D80EFBC89_E382ABE383B3E3838AEFBC88E6B0B4E79D80EFBC892E706E67.png
フブキ（水着）.png	/attach2/E38395E38396E382ADEFBC88E6B0B4E79D80EFBC89_E38395E38396E382ADEFBC88E6B0B4E79D80EFBC892E706E67.png
キリノ（水着）.png	/attach2/E382ADE383AAE3838EEFBC88E6B0B4E79D80EFBC89_E382ADE383AAE3838EEFBC88E6B0B4E79D80EFBC892E706E67.png
モエ（水着）.jpg	/attach2/E383A2E382A8EFBC88E6B0B4E79D80EFBC89_E383A2E382A8EFBC88E6B0B4E79D80EFBC895FE383A1E383A2E383AAE382A2E383ABE383ADE38393E383BC2E6A7067.jpg
ホシノ（臨戦）.png	/attach2/E3839BE382B7E3838EEFBC88E887A8E688A6EFBC89_E3839BE382B7E3838EEFBC88E887A8E688A6EFBC895FE694BBE69283E59E8B2E706E67.png
シロコ＊テラー.png	/attach2/E382B7E383ADE382B3EFBC8AE38386E383A9E383BC_E382B7E383ADE382B3EFBC8AE38386E383A9E383BC2E706E67.png
アツコ（水着）.png	/attach2/E382A2E38384E382B3EFBC88E6B0B4E79D80EFBC89_E382A2E38384E382B3EFBC88E6B0B4E79D80EFBC892E706E67.png
サオリ（水着）.png	/attach2/E382B5E382AAE383AAEFBC88E6B0B4E79D80EFBC89_E382B5E382AAE383AAEFBC88E6B0B4E79D80EFBC892E706E67.png
ヒヨリ（水着）.png	/attach2/E38392E383A8E383AAEFBC88E6B0B4E79D80EFBC89_E38392E383A8E383AAEFBC88E6B0B4E79D80EFBC892E706E67.png
アカネ（制服）.png	/attach2/E382A2E382ABE3838DEFBC88E588B6E69C8DEFBC89_E382A2E382ABE3838DEFBC88E588B6E69C8DEFBC892E706E67.png
アスナ（制服）.png	/attach2/E382A2E382B9E3838AEFBC88E588B6E69C8DEFBC89_E382A2E382B9E3838AEFBC88E588B6E69C8DEFBC892E706E67.png
アリス（臨戦）.png	/attach2/E382A2E383AAE382B9EFBC88E887A8E688A6EFBC89_E382A2E383AAE382B9EFBC88E887A8E688A6EFBC892E706E67.png
イズミ（正月）.png	/attach2/E382A4E382BAE3839FEFBC88E6ADA3E69C88EFBC89_E382A4E382BAE3839FEFBC88E6ADA3E69C88EFBC892E706E67.png
エイミ（臨戦）.png	/attach2/E382A8E382A4E3839FEFBC88E887A8E688A6EFBC89_E382A8E382A4E3839FEFBC88E887A8E688A6EFBC895FE383A1E383A2E383AAE382A2E383ABE383ADE38393E383BC2E706E67.png
エリ.png	/attach2/E382A8E383AA_E382A8E383AA5FE383A1E383A2E383AAE382A2E383ABE383ADE38393E383BC2E706E67.png
エリカ.png	/attach2/E382A8E383AAE382AB_E382A8E383AAE382AB2E706E67.png
カノエ.png	/attach2/E382ABE3838EE382A8_E382ABE3838EE382A85FE383A1E383A2E383AAE382A2E383ABE383ADE38393E383BC2E706E67.png
キキョウ（水着）.png	/attach2/E382ADE382ADE383A7E382A6EFBC88E6B0B4E79D80EFBC89_E382ADE382ADE383A7E382A6EFBC88E6B0B4E79D80EFBC892E706E67.png
キサキ.png	/attach2/E382ADE382B5E382AD_E382ADE382B5E382AD2E706E67.png
クルミ.png	/attach2/E382AFE383ABE3839F_E382AFE383ABE3839F2E706E67.png
ケイ.png	/attach2/E382B1E382A4_E382B1E382A42E706E67.png
コノカ.png	/attach2/E382B3E3838EE382AB_E382B3E3838EE382AB2E706E67.png
コユキ（パジャマ）.png	/attach2/E382B3E383A6E382ADEFBC88E38391E382B8E383A3E3839EEFBC89_E382B3E383A6E382ADEFBC88E38391E382B8E383A3E3839EEFBC892E706E67.png
サオリ（ドレス）.png	/attach2/E382B5E382AAE383AAEFBC88E38389E383ACE382B9EFBC89_E382B5E382AAE383AAEFBC88E38389E383ACE382B9EFBC892E706E67.png
サクラコ（アイドル）.png	/attach2/E382B5E382AFE383A9E382B3EFBC88E382A2E382A4E38389E383ABEFBC89_E382B5E382AFE383A9E382B3EFBC88E382A2E382A4E38389E383ABEFBC892E706E67.png
サツキ.png	/attach2/E382B5E38384E382AD_E382B5E38384E382AD2E706E67.png
ジュリ（アルバイト）.png	/attach2/E382B8E383A5E383AAEFBC88E382A2E383ABE38390E382A4E38388EFBC89_E382B8E383A5E383AAEFBC88E382A2E383ABE38390E382A4E38388EFBC892E706E67.png
スズミ（マジカル）.png	/attach2/E382B9E382BAE3839FEFBC88E3839EE382B8E382ABE383ABEFBC89_E382B9E382BAE3839FEFBC88E3839EE382B8E382ABE383ABEFBC892E706E67.png
スバル.png	/attach2/E382B9E38390E383AB_E382B9E38390E383AB2E706E67.png
スミレ（アルバイト）.png	/attach2/E382B9E3839FE383ACEFBC88E382A2E383ABE38390E382A4E38388EFBC89_E382B9E3839FE383ACEFBC88E382A2E383ABE38390E382A4E38388EFBC892E706E67.png
セイア.png	/attach2/E382BBE382A4E382A2_E382BBE382A4E382A22E706E67.png
セイア（水着）.png	/attach2/E382BBE382A4E382A2EFBC88E6B0B4E79D80EFBC89_E382BBE382A4E382A2EFBC88E6B0B4E79D80EFBC892E706E67.png
セナ（私服）.png	/attach2/E382BBE3838AEFBC88E7A781E69C8DEFBC89_E382BBE3838AEFBC88E7A781E69C8DEFBC892E706E67.png
タカネ.png	/attach2/E382BFE382ABE3838D_E382BFE382ABE3838D2E706E67.png
チアキ.png	/attach2/E38381E382A2E382AD_E38381E382A2E382AD2E706E67.png
ツクヨ（ドレス）.png	/attach2/E38384E382AFE383A8EFBC88E38389E383ACE382B9EFBC89_E38384E382AFE383A8EFBC88E38389E383ACE382B9EFBC892E706E67.png
トモエ（チーパオ）.png	/attach2/E38388E383A2E382A8EFBC88E38381E383BCE38391E382AAEFBC89_E38388E383A2E382A8EFBC88E38381E383BCE38391E382AAEFBC892E706E67.png
ナギサ（水着）.jpg	/attach2/E3838AE382AEE382B5EFBC88E6B0B4E79D80EFBC89_E3838AE382AEE382B5EFBC88E6B0B4E79D80EFBC895FE383A1E383A2E383AAE382A2E383ABE383ADE38393E383BC2E6A7067.jpg
ナグサ.png	/attach2/E3838AE382B0E382B5_E3838AE382B0E382B52E706E67.png
ナグサ（水着）.png	/attach2/E3838AE382B0E382B5EFBC88E6B0B4E79D80EFBC89_E3838AE382B0E382B5EFBC88E6B0B4E79D80EFBC892E706E67.png
ナツ（バンド）.png	/attach2/E3838AE38384EFBC88E38390E383B3E38389EFBC89_E3838AE38384EFBC88E38390E383B3E38389EFBC895FE383A1E383A2E383AAE382A2E383ABE383ADE38393E383BC2E706E67.png
ニコ.png	/attach2/E3838BE382B3_E3838BE382B32E706E67.png
ニヤ.png	/attach2/E3838BE383A4_E3838BE383A42E706E67.png
ネル（制服）.png	/attach2/E3838DE383ABEFBC88E588B6E69C8DEFBC89_E3838DE383ABEFBC88E588B6E69C8DEFBC892E706E67.png
ノア（パジャマ）.png	/attach2/E3838EE382A2EFBC88E38391E382B8E383A3E3839EEFBC89_E3838EE382A2EFBC88E38391E382B8E383A3E3839EEFBC892E706E67.png
ノゾミ.png	/attach2/E3838EE382BEE3839F_E3838EE382BEE3839F2E706E67.png
ハスミ（水着）.png	/attach2/E3838FE382B9E3839FEFBC88E6B0B4E79D80EFBC89_E3838FE382B9E3839FEFBC88E6B0B4E79D80EFBC892E706E67.png
ハルカ（ドレス）.png	/attach2/E3838FE383ABE382ABEFBC88E38389E383ACE382B9EFBC89_E3838FE383ABE382ABEFBC88E38389E383ACE382B9EFBC892E706E67.png
ヒカリ.png	/attach2/E38392E382ABE383AA_E38392E382ABE383AA2E706E67.png
ヒマリ（臨戦）.png	/attach2/E38392E3839EE383AAEFBC88E887A8E688A6EFBC89_E38392E3839EE383AAEFBC88E887A8E688A6EFBC892E706E67.png
フィーナ（ガイド）.png	/attach2/E38395E382A3E383BCE3838AEFBC88E382ACE382A4E38389EFBC89_E38395E382A3E383BCE3838AEFBC88E382ACE382A4E38389EFBC895FE383A1E383A2E383AAE382A2E383ABE383ADE38393E383BC2E706E67.png
フユ.png	/attach2/E38395E383A6_E38395E383A62E706E67.png
マキ（キャンプ）.png	/attach2/E3839EE382ADEFBC88E382ADE383A3E383B3E38397EFBC89_E3839EE382ADEFBC88E382ADE383A3E383B3E38397EFBC892E706E67.png
マリー（アイドル）.png	/attach2/E3839EE383AAE383BCEFBC88E382A2E382A4E38389E383ABEFBC89_E3839EE383AAE383BCEFBC88E382A2E382A4E38389E383ABEFBC892E706E67.png
マリナ（チーパオ）.png	/attach2/E3839EE383AAE3838AEFBC88E38381E383BCE38391E382AAEFBC89_E3839EE383AAE3838AEFBC88E38381E383BCE38391E382AAEFBC892E706E67.png
ミカ（水着）.jpg	/attach2/E3839FE382ABEFBC88E6B0B4E79D80EFBC89_E3839FE382ABEFBC88E6B0B4E79D80EFBC895FE383A1E383A2E383AAE382A2E383ABE383ADE38393E383BC2E6A7067.jpg
ミサキ（水着）.png	/attach2/E3839FE382B5E382ADEFBC88E6B0B4E79D80EFBC89_E3839FE382B5E382ADEFBC88E6B0B4E79D80EFBC895FE383A1E383A2E383AAE382A2E383ABE383ADE38393E383BC2E706E67.png
ミチル（ドレス）.png	/attach2/E3839FE38381E383ABEFBC88E38389E383ACE382B9EFBC89_E3839FE38381E383ABEFBC88E38389E383ACE382B9EFBC892E706E67.png
ミヨ.png	/attach2/E3839FE383A8_E3839FE383A82E706E67.png
ムツキ（ドレス）.png	/attach2/E383A0E38384E382ADEFBC88E38389E383ACE382B9EFBC89_E383A0E38384E382ADEFBC88E38389E383ACE382B9EFBC892E706E67.png
ヤクモ.png	/attach2/E383A4E382AFE383A2_E383A4E382AFE383A22E706E67.png
ユウカ（パジャマ）.png	/attach2/E383A6E382A6E382ABEFBC88E38391E382B8E383A3E3839EEFBC89_E383A6E382A6E382ABEFBC88E38391E382B8E383A3E3839EEFBC892E706E67.png
ユカリ（水着）.png	/attach2/E383A6E382ABE383AAEFBC88E6B0B4E79D80EFBC89_E383A6E382ABE383AAEFBC88E6B0B4E79D80EFBC892E706E67.png
ユズ（臨戦）.png	/attach2/E383A6E382BAEFBC88E887A8E688A6EFBC89_E383A6E382BAEFBC88E887A8E688A6EFBC892E706E67.png
リオ.png	/attach2/E383AAE382AA_E383AAE382AA2E706E67.png
リオ（臨戦）.png	/attach2/E383AAE382AAEFBC88E887A8E688A6EFBC89_E383AAE382AAEFBC88E887A8E688A6EFBC892E706E67.png
リツ.png	/attach2/E383AAE38384_E383AAE383842E706E67.png
レイ.png	/attach2/E383ACE382A4_E383ACE382A42E706E67.png
レイサ（マジカル）.png	/attach2/E383ACE382A4E382B5EFBC88E3839EE382B8E382ABE383ABEFBC89_E383ACE382A4E382B5EFBC88E3839EE382B8E382ABE383ABEFBC892E706E67.png
レイジョ.png	/attach2/E383ACE382A4E382B8E383A7_E383ACE382A4E382B8E383A72E706E67.png
レナ.png	/attach2/E383ACE3838A_E383ACE3838A2E706E67.png
レンゲ（水着）.png	/attach2/E383ACE383B3E382B2EFBC88E6B0B4E79D80EFBC89_E383ACE383B3E382B2EFBC88E6B0B4E79D80EFBC892E706E67.png
アオバ.png	/attach2/E382A2E382AAE38390_E382A2E382AAE383902E706E67.png
イチカ（水着）.png	/attach2/E382A4E38381E382ABEFBC88E6B0B4E79D80EFBC89_E382A4E38381E382ABEFBC88E6B0B4E79D80EFBC892E706E67.png
オトギ.png	/attach2/E382AAE38388E382AE_E382AAE38388E382AE2E706E67.png
カリン（制服）.png	/attach2/E382ABE383AAE383B3EFBC88E588B6E69C8DEFBC89_E382ABE383AAE383B3EFBC88E588B6E69C8DEFBC892E706E67.png
トキ（臨戦）.png	/attach2/E38388E382ADEFBC88E887A8E688A6EFBC89_E38388E382ADEFBC88E887A8E688A6EFBC892E706E67.png
ミネ（アイドル）.png	/attach2/E3839FE3838DEFBC88E382A2E382A4E38389E383ABEFBC89_E3839FE3838DEFBC88E382A2E382A4E38389E383ABEFBC892E706E67.png
ラブ.png	/attach2/E383A9E38396_E383A9E383962E706E67.png
